{"cameraMode":{"drawMode":0,"name":"Shaded","section":"Shading Mode"},"sceneLighting":false,"audioPlay":false,"sceneViewState":{"showFog":true,"showMaterialUpdate":false,"showSkybox":true,"showFlares":true,"showImageEffects":true,"showParticleSystems":true},"in2DMode":false,"pivot":{"x":603.0149536132813,"y":295.93280029296877,"z":0.0},"rotation":{"x":0.08679957687854767,"y":-0.2047204077243805,"z":0.018228944391012193,"w":0.9747939109802246},"size":759.368408203125,"orthographic":false}