{"cameraMode":{"drawMode":0,"name":"Shaded","section":"Shading Mode"},"sceneLighting":false,"audioPlay":false,"sceneViewState":{"showFog":true,"showMaterialUpdate":false,"showSkybox":true,"showFlares":true,"showImageEffects":true,"showParticleSystems":true},"in2DMode":false,"pivot":{"x":79.15200805664063,"y":16.995105743408204,"z":-41.83769226074219},"rotation":{"x":0.30010122060775759,"y":-0.008590569719672203,"z":0.0027022124268114568,"w":0.9538648724555969},"size":22.0,"orthographic":false}