{"cameraMode":{"drawMode":0,"name":"Shaded","section":"Shading Mode"},"sceneLighting":false,"audioPlay":false,"sceneViewState":{"showFog":true,"showMaterialUpdate":false,"showSkybox":true,"showFlares":true,"showImageEffects":true,"showParticleSystems":true},"in2DMode":false,"pivot":{"x":85.22479248046875,"y":7.526014804840088,"z":-42.30256271362305},"rotation":{"x":0.30010122060775759,"y":-0.008590569719672203,"z":0.0027022124268114568,"w":0.9538648724555969},"size":22.0,"orthographic":false}