{"cameraMode":{"drawMode":0,"name":"Shaded","section":"Shading Mode"},"sceneLighting":false,"audioPlay":false,"sceneViewState":{"showFog":true,"showMaterialUpdate":false,"showSkybox":true,"showFlares":true,"showImageEffects":true,"showParticleSystems":true},"in2DMode":false,"pivot":{"x":224.40567016601563,"y":7.15456485748291,"z":-41.72782516479492},"rotation":{"x":-0.04259798303246498,"y":-0.7866294980049133,"z":0.05461445823311806,"w":-0.6135281920433044},"size":94.22267150878906,"orthographic":false}