{"cameraMode":{"drawMode":0,"name":"Shaded","section":"Shading Mode"},"sceneLighting":true,"audioPlay":false,"sceneViewState":{"showFog":true,"showMaterialUpdate":false,"showSkybox":true,"showFlares":true,"showImageEffects":true,"showParticleSystems":true},"in2DMode":false,"pivot":{"x":40.77592849731445,"y":50.11137771606445,"z":-5.056892395019531},"rotation":{"x":-0.209053173661232,"y":0.2366798222064972,"z":0.05222734063863754,"w":0.9473921060562134},"size":500.8172912597656,"orthographic":false}