{"cameraMode":{"drawMode":0,"name":"Shaded","section":"Shading Mode"},"sceneLighting":false,"audioPlay":false,"sceneViewState":{"showFog":true,"showMaterialUpdate":false,"showSkybox":true,"showFlares":true,"showImageEffects":true,"showParticleSystems":true},"in2DMode":false,"pivot":{"x":86.13069915771485,"y":6.838960647583008,"z":-41.62974166870117},"rotation":{"x":0.16234363615512849,"y":-0.528030514717102,"z":0.10364428162574768,"w":0.827095091342926},"size":547.2702026367188,"orthographic":false}