{"cameraMode":{"drawMode":0,"name":"Shaded","section":"Shading Mode"},"sceneLighting":false,"audioPlay":false,"sceneViewState":{"showFog":true,"showMaterialUpdate":false,"showSkybox":true,"showFlares":true,"showImageEffects":true,"showParticleSystems":true},"in2DMode":false,"pivot":{"x":204.48509216308595,"y":10.305465698242188,"z":-41.33440399169922},"rotation":{"x":0.16234363615512849,"y":-0.528030514717102,"z":0.10364428162574768,"w":0.827095091342926},"size":13.079973220825196,"orthographic":false}